Water_Year,January_Mean_Streamflow_cfs,January_Mean_Streamflow_mm_day
1910,6.709677419354838,0.12250546785607858
1911,6.709677419354838,0.12250546785607858
1912,6.709677419354838,0.12250546785607858
1913,6.709677419354838,0.12250546785607858
1914,6.709677419354838,0.12250546785607858
